date,time,open,high,low,close,volume
"Fri-06-Sep-24,23:15:00",53683,53836,53650,53756,46543088
"Fri-06-Sep-24,23:30:00",53756,53836,53722,53828,16879312
"Fri-06-Sep-24,23:45:00",53828,53943,53828,53934,35956998
"Sat-07-Sep-24,00:00:00",53934,54069,53902,53918,73619926
"Sat-07-Sep-24,00:15:00",53918,53965,53860,53917,30679343
"Sat-07-Sep-24,00:30:00",53917,54034,53875,54024,22375448
"Sat-07-Sep-24,00:45:00",54024,54050,53895,53896,23176424
"Sat-07-Sep-24,01:00:00",53896,53976,53831,53860,24684404
"Sat-07-Sep-24,01:15:00",53860,53902,53803,53858,25475782
"Sat-07-Sep-24,01:30:00",53858,53899,53777,53784,26444352
"Sat-07-Sep-24,01:45:00",53784,53820,53733,53794,20760614
"Sat-07-Sep-24,02:00:00",53794,53835,53734,53825,10758769
"Sat-07-Sep-24,02:15:00",53825,53929,53778,53832,24759493
"Sat-07-Sep-24,02:30:00",53832,53906,53800,53874,17603022
"Sat-07-Sep-24,02:45:00",53874,53894,53746,53786,20579956
"Sat-07-Sep-24,03:00:00",53786,53838,53764,53832,15221392
"Sat-07-Sep-24,03:15:00",53832,53840,53786,53840,15288280
"Sat-07-Sep-24,03:30:00",53840,53850,53802,53826,11467934
"Sat-07-Sep-24,03:45:00",53826,53850,53771,53797,10657577
"Sat-07-Sep-24,04:00:00",53797,53840,53789,53828,10060008
"Sat-07-Sep-24,04:15:00",53828,53836,53793,53821,7051475
"Sat-07-Sep-24,04:30:00",53821,53944,53819,53930,24434625
"Sat-07-Sep-24,04:45:00",53930,54031,53930,54028,34838682
"Sat-07-Sep-24,05:00:00",54028,54348,53976,54255,127505853
"Sat-07-Sep-24,05:15:00",54255,54277,54104,54125,56642350
"Sat-07-Sep-24,05:30:00",54125,54236,54125,54171,24193829
"Sat-07-Sep-24,05:45:00",54171,54255,54136,54154,35915390
"Sat-07-Sep-24,06:00:00",54154,54196,54013,54089,47980509
"Sat-07-Sep-24,06:15:00",54089,54173,54073,54147,29208002
"Sat-07-Sep-24,06:30:00",54147,54228,54096,54227,20900662
"Sat-07-Sep-24,06:45:00",54227,54359,54225,54291,43110401
"Sat-07-Sep-24,07:00:00",54291,54384,54250,54283,41044004
"Sat-07-Sep-24,07:15:00",54283,54312,54212,54259,27684354
"Sat-07-Sep-24,07:30:00",54259,54374,54154,54248,35919469
"Sat-07-Sep-24,07:45:00",54248,54274,54161,54260,22946892
"Sat-07-Sep-24,08:00:00",54260,54312,54213,54270,20021930
"Sat-07-Sep-24,08:15:00",54270,54333,54162,54326,35763874
"Sat-07-Sep-24,08:30:00",54326,54364,54224,54334,37050324
"Sat-07-Sep-24,08:45:00",54334,54354,54264,54354,25102288
"Sat-07-Sep-24,09:00:00",54354,54395,54280,54282,27122718
"Sat-07-Sep-24,09:15:00",54282,54291,54141,54170,47605426
"Sat-07-Sep-24,09:30:00",54170,54221,54163,54186,29251784
"Sat-07-Sep-24,09:45:00",54186,54271,54179,54226,17827154
"Sat-07-Sep-24,10:00:00",54226,54304,54221,54284,21527664
"Sat-07-Sep-24,10:15:00",54284,54358,54284,54320,32841784
"Sat-07-Sep-24,10:30:00",54320,54382,54284,54382,19609458
"Sat-07-Sep-24,10:45:00",54382,54430,54322,54323,34206337
"Sat-07-Sep-24,11:00:00",54323,54390,54296,54372,20153784
"Sat-07-Sep-24,11:15:00",54372,54432,54352,54400,24141140
"Sat-07-Sep-24,11:30:00",54400,54479,54275,54311,43411289
"Sat-07-Sep-24,11:45:00",54311,54361,54260,54308,43448803
"Sat-07-Sep-24,12:00:00",54308,54426,54308,54399,37037965
"Sat-07-Sep-24,12:15:00",54399,54450,54362,54421,15231698
"Sat-07-Sep-24,12:30:00",54421,54534,54421,54448,51972028
"Sat-07-Sep-24,12:45:00",54448,54638,54448,54546,83359790
"Sat-07-Sep-24,13:00:00",54546,54608,54510,54606,36218484
"Sat-07-Sep-24,13:15:00",54606,54607,54506,54556,27685292
"Sat-07-Sep-24,13:30:00",54556,54634,54383,54454,54665214
"Sat-07-Sep-24,13:45:00",54454,54569,54379,54526,39805802
"Sat-07-Sep-24,14:00:00",54526,54672,54496,54597,61014523
"Sat-07-Sep-24,14:15:00",54597,54634,54530,54600,22985334
"Sat-07-Sep-24,14:30:00",54600,54652,54475,54485,31067515
"Sat-07-Sep-24,14:45:00",54485,54624,54460,54605,34870280
"Sat-07-Sep-24,15:00:00",54605,54735,54570,54642,55314828
"Sat-07-Sep-24,15:15:00",54642,54797,54593,54762,46937358
"Sat-07-Sep-24,15:30:00",54762,54812,54661,54718,40742972
"Sat-07-Sep-24,15:45:00",54718,54787,54686,54750,17509728
"Sat-07-Sep-24,16:00:00",54750,54828,54666,54687,30824313
"Sat-07-Sep-24,16:15:00",54687,54744,54650,54650,21874837
"Sat-07-Sep-24,16:30:00",54650,54666,54421,54484,79024066
"Sat-07-Sep-24,16:45:00",54484,54527,54420,54450,30946946
"Sat-07-Sep-24,17:00:00",54450,54523,54303,54439,67463561
"Sat-07-Sep-24,17:15:00",54439,54448,54346,54385,37508525
"Sat-07-Sep-24,17:30:00",54385,54394,54276,54288,45792267
"Sat-07-Sep-24,17:45:00",54288,54300,53970,54110,152820898
"Sat-07-Sep-24,18:00:00",54110,54190,54015,54119,50214071
"Sat-07-Sep-24,18:15:00",54119,54287,54119,54240,38153774
"Sat-07-Sep-24,18:30:00",54240,54330,54164,54330,46971750
"Sat-07-Sep-24,18:45:00",54330,54374,54238,54268,32652392
"Sat-07-Sep-24,19:00:00",54268,54322,54204,54278,21652922
"Sat-07-Sep-24,19:15:00",54278,54347,54262,54344,19757126
"Sat-07-Sep-24,19:30:00",54344,54414,54300,54373,20922411
"Sat-07-Sep-24,19:45:00",54373,54439,54373,54380,21694820
"Sat-07-Sep-24,20:00:00",54380,54418,54271,54275,35075205
"Sat-07-Sep-24,20:15:00",54275,54327,54227,54290,24260910
"Sat-07-Sep-24,20:30:00",54290,54316,54232,54250,14278310
"Sat-07-Sep-24,20:45:00",54250,54256,54128,54134,42260866
"Sat-07-Sep-24,21:00:00",54134,54144,53879,53962,88455128
"Sat-07-Sep-24,21:15:00",53962,54165,53946,54072,49483044
"Sat-07-Sep-24,21:30:00",54072,54132,53977,54017,30712951
"Sat-07-Sep-24,21:45:00",54017,54031,53836,53907,31546038
"Sat-07-Sep-24,22:00:00",53907,54074,53889,53974,36872321
"Sat-07-Sep-24,22:15:00",53974,54017,53875,53966,30819162
"Sat-07-Sep-24,22:30:00",53966,53985,53839,53941,26335433
"Sat-07-Sep-24,22:45:00",53941,53968,53908,53934,12945847
"Sat-07-Sep-24,23:00:00",53934,53950,53782,53907,75561561
"Sat-07-Sep-24,23:15:00",53907,54041,53884,54023,32775340
"Sat-07-Sep-24,23:30:00",54023,54032,53963,54023,19718395
"Sat-07-Sep-24,23:45:00",54023,54232,54010,54140,77955072
"Sun-08-Sep-24,00:00:00",54140,54162,54036,54092,26691068
"Sun-08-Sep-24,00:15:00",54092,54142,54046,54046,15686726
"Sun-08-Sep-24,00:30:00",54046,54111,53979,53979,29995597
"Sun-08-Sep-24,00:45:00",53979,54158,53942,54117,31253703
"Sun-08-Sep-24,01:00:00",54117,54284,54108,54245,45782854
"Sun-08-Sep-24,01:15:00",54245,54335,54192,54207,28749888
"Sun-08-Sep-24,01:30:00",54207,54233,54172,54178,12630260
"Sun-08-Sep-24,01:45:00",54178,54255,54158,54254,18203732
"Sun-08-Sep-24,02:00:00",54254,54346,54254,54340,22840848
"Sun-08-Sep-24,02:15:00",54340,54488,54295,54440,58089360
"Sun-08-Sep-24,02:30:00",54440,54450,54266,54294,40939026
"Sun-08-Sep-24,02:45:00",54294,54337,54280,54310,20143058
"Sun-08-Sep-24,03:00:00",54310,54366,54293,54307,27915343
"Sun-08-Sep-24,03:15:00",54307,54328,54274,54282,21071141
"Sun-08-Sep-24,03:30:00",54282,54295,54226,54268,15958922
"Sun-08-Sep-24,03:45:00",54268,54369,54268,54366,13132758
"Sun-08-Sep-24,04:00:00",54366,54426,54352,54420,22072542
"Sun-08-Sep-24,04:15:00",54420,54445,54355,54422,17251138
"Sun-08-Sep-24,04:30:00",54422,54465,54341,54362,18013742
"Sun-08-Sep-24,04:45:00",54362,54566,54339,54474,71268470
"Sun-08-Sep-24,05:00:00",54474,54502,54408,54470,33338092
"Sun-08-Sep-24,05:15:00",54470,54470,54400,54448,21733552
"Sun-08-Sep-24,05:30:00",54448,54477,54397,54429,9691763
"Sun-08-Sep-24,05:45:00",54429,54437,54286,54320,28466476
"Sun-08-Sep-24,06:00:00",54320,54398,54309,54392,13036728
"Sun-08-Sep-24,06:15:00",54392,54400,54329,54339,11748725
"Sun-08-Sep-24,06:30:00",54339,54385,54234,54306,38363367
"Sun-08-Sep-24,06:45:00",54306,54306,54265,54272,14499736
"Sun-08-Sep-24,07:00:00",54272,54508,54271,54462,46293826
"Sun-08-Sep-24,07:15:00",54462,54510,54364,54407,25488271
"Sun-08-Sep-24,07:30:00",54407,54486,54403,54442,19477671
"Sun-08-Sep-24,07:45:00",54442,54480,54382,54414,22049038
"Sun-08-Sep-24,08:00:00",54414,54430,54331,54331,22527479
"Sun-08-Sep-24,08:15:00",54331,54366,54326,54345,13582736
"Sun-08-Sep-24,08:30:00",54345,54464,54345,54417,24020418
"Sun-08-Sep-24,08:45:00",54417,54463,54402,54458,17903152
"Sun-08-Sep-24,09:00:00",54458,54700,54450,54621,80379845
"Sun-08-Sep-24,09:15:00",54621,54688,54455,54604,56205026
"Sun-08-Sep-24,09:30:00",54604,54621,54504,54518,19329902
"Sun-08-Sep-24,09:45:00",54518,54545,54426,54426,26332286
"Sun-08-Sep-24,10:00:00",54426,54566,54420,54562,20028632
"Sun-08-Sep-24,10:15:00",54562,54621,54523,54589,20406161
"Sun-08-Sep-24,10:30:00",54589,54617,54537,54578,19215339
"Sun-08-Sep-24,10:45:00",54578,54588,54544,54575,14790641
"Sun-08-Sep-24,11:00:00",54575,54647,54575,54640,20902160
"Sun-08-Sep-24,11:15:00",54640,54641,54539,54546,15244654
"Sun-08-Sep-24,11:30:00",54546,54609,54481,54550,20945660
"Sun-08-Sep-24,11:45:00",54550,54577,54494,54534,17619666
"Sun-08-Sep-24,12:00:00",54534,54548,54487,54548,20395702
"Sun-08-Sep-24,12:15:00",54548,54550,54340,54384,69167028
"Sun-08-Sep-24,12:30:00",54384,54464,54300,54390,52698090
"Sun-08-Sep-24,12:45:00",54390,54424,54080,54168,132711822
"Sun-08-Sep-24,13:00:00",54168,54169,54050,54134,51026290
"Sun-08-Sep-24,13:15:00",54134,54226,54120,54226,35187008
"Sun-08-Sep-24,13:30:00",54226,54256,54141,54246,27112980
"Sun-08-Sep-24,13:45:00",54246,54382,54216,54372,84949110
"Sun-08-Sep-24,14:00:00",54372,54418,54030,54115,85146809
"Sun-08-Sep-24,14:15:00",54115,54215,54115,54168,30629037
"Sun-08-Sep-24,14:30:00",54168,54204,54120,54204,24646404
"Sun-08-Sep-24,14:45:00",54204,54241,54110,54119,33660769
"Sun-08-Sep-24,15:00:00",54119,54174,53956,54031,35285676
"Sun-08-Sep-24,15:15:00",54031,54072,53909,53924,73860484
"Sun-08-Sep-24,15:30:00",53924,54020,53812,53880,89999200
"Sun-08-Sep-24,15:45:00",53880,53950,53630,53670,160724250
"Sun-08-Sep-24,16:00:00",53670,53842,53608,53738,92097652
"Sun-08-Sep-24,16:15:00",53738,53841,53664,53820,34016072
"Sun-08-Sep-24,16:30:00",53820,53960,53803,53955,42517665
"Sun-08-Sep-24,16:45:00",53955,53999,53834,53887,32912618
"Sun-08-Sep-24,17:00:00",53887,54101,53880,54078,66388593
"Sun-08-Sep-24,17:15:00",54078,54236,54070,54205,68678933
"Sun-08-Sep-24,17:30:00",54205,54376,54190,54300,74694395
"Sun-08-Sep-24,17:45:00",54300,54509,54264,54482,112455118
"Sun-08-Sep-24,18:00:00",54482,54520,54316,54348,61564794
"Sun-08-Sep-24,18:15:00",54348,54430,54271,54274,27771902
"Sun-08-Sep-24,18:30:00",54274,54410,54255,54398,31804440
"Sun-08-Sep-24,18:45:00",54398,54432,54333,54395,20344855
"Sun-08-Sep-24,19:00:00",54395,54457,54390,54444,23444196
"Sun-08-Sep-24,19:15:00",54444,54454,54297,54353,27222091
"Sun-08-Sep-24,19:30:00",54353,54392,54308,54338,9131319
"Sun-08-Sep-24,19:45:00",54338,54372,54305,54316,7063962
"Sun-08-Sep-24,20:00:00",54316,54348,54266,54332,19825324
"Sun-08-Sep-24,20:15:00",54332,54342,54237,54266,14615374
"Sun-08-Sep-24,20:30:00",54266,54290,54160,54195,38311867
"Sun-08-Sep-24,20:45:00",54195,54367,54195,54358,35605952
"Sun-08-Sep-24,21:00:00",54358,54631,54326,54522,104258480
"Sun-08-Sep-24,21:15:00",54522,54575,54301,54340,56648540
"Sun-08-Sep-24,21:30:00",54340,54506,54312,54433,38092247
"Sun-08-Sep-24,21:45:00",54433,54459,54377,54444,10886589
"Sun-08-Sep-24,22:00:00",54444,54610,54340,54524,58853884
"Sun-08-Sep-24,22:15:00",54524,55300,54522,55188,377250892
"Sun-08-Sep-24,22:30:00",55188,55224,54585,54714,293766198
"Sun-08-Sep-24,22:45:00",54714,54816,54472,54513,89676447
"Sun-08-Sep-24,23:00:00",54513,54795,54423,54717,97796118
"Sun-08-Sep-24,23:15:00",54717,54944,54541,54890,70694191
"Sun-08-Sep-24,23:30:00",54890,54918,54764,54897,37654533
"Sun-08-Sep-24,23:45:00",54897,54954,54737,54850,47540849
"Mon-09-Sep-24,00:00:00",54850,55131,54730,54927,103556723
"Mon-09-Sep-24,00:15:00",54927,55188,54907,54998,66955942
"Mon-09-Sep-24,00:30:00",54998,55035,54803,54813,43778593
"Mon-09-Sep-24,00:45:00",54813,55065,54663,55022,71366317
"Mon-09-Sep-24,01:00:00",55022,55376,55002,55144,162589888
"Mon-09-Sep-24,01:15:00",55144,55164,54911,55059,50677421
"Mon-09-Sep-24,01:30:00",55059,55246,54881,55216,52746365
"Mon-09-Sep-24,01:45:00",55216,55271,55051,55079,39810873
"Mon-09-Sep-24,02:00:00",55079,55079,54900,54999,31229873
"Mon-09-Sep-24,02:15:00",54999,55000,54860,54869,21614737
"Mon-09-Sep-24,02:30:00",54869,54963,54822,54907,40218939
"Mon-09-Sep-24,02:45:00",54907,55114,54907,55086,50898610
"Mon-09-Sep-24,03:00:00",55086,55127,54954,55060,31013444
"Mon-09-Sep-24,03:15:00",55060,55066,54771,54961,69540879
"Mon-09-Sep-24,03:30:00",54961,55194,54954,55174,54136372
"Mon-09-Sep-24,03:45:00",55174,55179,55062,55094,49932550
"Mon-09-Sep-24,04:00:00",55094,55130,55007,55082,31017934
"Mon-09-Sep-24,04:15:00",55082,55090,54852,54911,40210031
"Mon-09-Sep-24,04:30:00",54911,54976,54869,54888,28608654
"Mon-09-Sep-24,04:45:00",54888,54948,54825,54837,28432035
"Mon-09-Sep-24,05:00:00",54837,54870,54670,54773,60759460
"Mon-09-Sep-24,05:15:00",54773,54840,54737,54810,20430292
"Mon-09-Sep-24,05:30:00",54810,54912,54652,54686,41052814
"Mon-09-Sep-24,05:45:00",54686,54698,54560,54645,67591937
"Mon-09-Sep-24,06:00:00",54645,54785,54620,54745,39180365
"Mon-09-Sep-24,06:15:00",54745,54854,54689,54782,36295898
"Mon-09-Sep-24,06:30:00",54782,54959,54782,54868,41634234
"Mon-09-Sep-24,06:45:00",54868,54882,54783,54881,19039183
"Mon-09-Sep-24,07:00:00",54881,54906,54712,54740,27934570
"Mon-09-Sep-24,07:15:00",54740,54812,54718,54780,13903920
"Mon-09-Sep-24,07:30:00",54780,55000,54765,54926,61134334
"Mon-09-Sep-24,07:45:00",54926,54985,54888,54946,25815200
"Mon-09-Sep-24,08:00:00",54946,55180,54931,55121,82968285
"Mon-09-Sep-24,08:15:00",55121,55234,55094,55193,47569351
"Mon-09-Sep-24,08:30:00",55193,55320,55117,55184,67280276
"Mon-09-Sep-24,08:45:00",55184,55241,55127,55233,26984927
"Mon-09-Sep-24,09:00:00",55233,55532,55206,55315,225847655
"Mon-09-Sep-24,09:15:00",55315,55377,55252,55270,79874905
"Mon-09-Sep-24,09:30:00",55270,55336,55182,55195,37196785
"Mon-09-Sep-24,09:45:00",55195,55234,55059,55129,51331416
"Mon-09-Sep-24,10:00:00",55129,55240,55066,55238,50277539
"Mon-09-Sep-24,10:15:00",55238,55431,55228,55403,60816873
"Mon-09-Sep-24,10:30:00",55403,55422,55308,55323,37452508
"Mon-09-Sep-24,10:45:00",55323,55371,55292,55332,20580147
"Mon-09-Sep-24,11:00:00",55332,55350,55173,55210,41167130
"Mon-09-Sep-24,11:15:00",55210,55296,55131,55296,30751884
"Mon-09-Sep-24,11:30:00",55296,55326,55205,55243,26763317
"Mon-09-Sep-24,11:45:00",55243,55260,55167,55240,14970856
"Mon-09-Sep-24,12:00:00",55240,55258,55084,55163,39496677
"Mon-09-Sep-24,12:15:00",55163,55199,54928,55003,69505540
"Mon-09-Sep-24,12:30:00",55003,55200,54998,55192,52857694
"Mon-09-Sep-24,12:45:00",55192,55340,55150,55323,56847629
"Mon-09-Sep-24,13:00:00",55323,55332,55221,55276,32474648
"Mon-09-Sep-24,13:15:00",55276,55560,55276,55387,147918465
"Mon-09-Sep-24,13:30:00",55387,55577,55259,55460,140959842
"Mon-09-Sep-24,13:45:00",55460,55810,55360,55663,258997997
"Mon-09-Sep-24,14:00:00",55663,55729,55452,55530,135873516
"Mon-09-Sep-24,14:15:00",55530,55541,55044,55102,264711938
"Mon-09-Sep-24,14:30:00",55102,55111,54760,54867,302014297
"Mon-09-Sep-24,14:45:00",54867,55021,54800,54800,107703988
"Mon-09-Sep-24,15:00:00",54800,55299,54792,54945,230653055
"Mon-09-Sep-24,15:15:00",54945,55222,54857,55210,84340310
"Mon-09-Sep-24,15:30:00",55210,55343,55150,55262,105782308
"Mon-09-Sep-24,15:45:00",55262,55458,55232,55365,102731955
"Mon-09-Sep-24,16:00:00",55365,55999,55321,55894,264699536
"Mon-09-Sep-24,16:15:00",55894,56240,55851,56059,327762251
"Mon-09-Sep-24,16:30:00",56059,56297,55947,56243,220591981
"Mon-09-Sep-24,16:45:00",56243,56499,56212,56402,199043818
"Mon-09-Sep-24,17:00:00",56402,56700,56310,56497,280205041
"Mon-09-Sep-24,17:15:00",56497,56566,56404,56540,83050547
"Mon-09-Sep-24,17:30:00",56540,56750,56362,56385,138862395
"Mon-09-Sep-24,17:45:00",56385,56597,56373,56487,66026733
"Mon-09-Sep-24,18:00:00",56487,56589,56232,56408,177821155
"Mon-09-Sep-24,18:15:00",56408,56580,56384,56461,49695395
"Mon-09-Sep-24,18:30:00",56461,56527,56355,56506,64986566
"Mon-09-Sep-24,18:45:00",56506,56618,56418,56499,51985527
"Mon-09-Sep-24,19:00:00",56499,56876,56443,56594,167632438
"Mon-09-Sep-24,19:15:00",56594,56868,56594,56853,90493547
"Mon-09-Sep-24,19:30:00",56853,57000,56776,56908,108020645
"Mon-09-Sep-24,19:45:00",56908,57164,56824,57069,130717515
"Mon-09-Sep-24,20:00:00",57069,57129,56790,56800,110371715
"Mon-09-Sep-24,20:15:00",56800,56919,56783,56839,38226361
"Mon-09-Sep-24,20:30:00",56839,56986,56823,56938,40696625
"Mon-09-Sep-24,20:45:00",56938,57036,56922,56990,34789066
"Mon-09-Sep-24,21:00:00",56990,57566,56982,57482,210520568
"Mon-09-Sep-24,21:15:00",57482,58150,57462,57647,498311293
"Mon-09-Sep-24,21:30:00",57647,57692,57276,57282,98057912
"Mon-09-Sep-24,21:45:00",57282,57519,57200,57433,68566403
"Mon-09-Sep-24,22:00:00",57433,57610,57343,57374,69321690
"Mon-09-Sep-24,22:15:00",57374,57472,57313,57370,43432122
"Mon-09-Sep-24,22:30:00",57370,57397,57236,57280,51116760
"Mon-09-Sep-24,22:45:00",57280,57300,57176,57204,40325196
"Mon-09-Sep-24,23:00:00",57204,57226,57033,57076,74250920
"Mon-09-Sep-24,23:15:00",57076,57240,57072,57175,42350293
"Mon-09-Sep-24,23:30:00",57175,57226,57087,57097,22069628
"Mon-09-Sep-24,23:45:00",57097,57103,56983,57014,56183531
"Tue-10-Sep-24,00:00:00",57014,57044,56709,56714,107015578
"Tue-10-Sep-24,00:15:00",56714,56828,56600,56605,91139507
"Tue-10-Sep-24,00:30:00",56605,56867,56605,56819,54850031
"Tue-10-Sep-24,00:45:00",56819,56984,56783,56950,37159495
"Tue-10-Sep-24,01:00:00",56950,57030,56905,56963,36960537
"Tue-10-Sep-24,01:15:00",56963,56967,56834,56846,54627634
"Tue-10-Sep-24,01:30:00",56846,56914,56736,56806,34221332
"Tue-10-Sep-24,01:45:00",56806,56914,56689,56873,39082461
"Tue-10-Sep-24,02:00:00",56873,56889,56692,56713,29062263
"Tue-10-Sep-24,02:15:00",56713,56734,56609,56645,37487361
"Tue-10-Sep-24,02:30:00",56645,56831,56636,56817,43729768
"Tue-10-Sep-24,02:45:00",56817,56825,56730,56749,11931638
"Tue-10-Sep-24,03:00:00",56749,56786,56565,56640,74568295
"Tue-10-Sep-24,03:15:00",56640,56676,56563,56650,30359030
"Tue-10-Sep-24,03:30:00",56650,56658,56538,56569,43224031
"Tue-10-Sep-24,03:45:00",56569,56623,56490,56496,37561889
"Tue-10-Sep-24,04:00:00",56496,56599,56491,56561,36778831
"Tue-10-Sep-24,04:15:00",56561,56706,56561,56644,42307545
"Tue-10-Sep-24,04:30:00",56644,56644,56350,56480,103941904
"Tue-10-Sep-24,04:45:00",56480,56600,56480,56580,27901020
"Tue-10-Sep-24,05:00:00",56580,56681,56553,56677,26705663
"Tue-10-Sep-24,05:15:00",56677,56909,56671,56862,90002891
"Tue-10-Sep-24,05:30:00",56862,56953,56775,56905,51346343
"Tue-10-Sep-24,05:45:00",56905,56920,56832,56915,24241520
"Tue-10-Sep-24,06:00:00",56915,56915,56741,56786,31018804
"Tue-10-Sep-24,06:15:00",56786,56830,56746,56822,28392964
"Tue-10-Sep-24,06:30:00",56822,56881,56785,56828,18239856
"Tue-10-Sep-24,06:45:00",56828,56843,56776,56805,16593799
"Tue-10-Sep-24,07:00:00",56805,56858,56750,56852,32037973
"Tue-10-Sep-24,07:15:00",56852,57246,56833,57075,168565957
"Tue-10-Sep-24,07:30:00",57075,57225,57070,57162,68604063
"Tue-10-Sep-24,07:45:00",57162,57278,57109,57191,53160631
"Tue-10-Sep-24,08:00:00",57191,57346,57131,57277,89675402
"Tue-10-Sep-24,08:15:00",57277,57335,57181,57254,44790637
"Tue-10-Sep-24,08:30:00",57254,57285,57071,57100,54162438
"Tue-10-Sep-24,08:45:00",57100,57176,56961,57030,61839370
"Tue-10-Sep-24,09:00:00",57030,57033,56862,56986,89993384
"Tue-10-Sep-24,09:15:00",56986,57056,56959,57033,26042555
"Tue-10-Sep-24,09:30:00",57033,57250,56958,57194,58002400
"Tue-10-Sep-24,09:45:00",57194,57235,57053,57062,40550678
"Tue-10-Sep-24,10:00:00",57062,57150,56926,56949,36633917
"Tue-10-Sep-24,10:15:00",56949,57130,56912,57102,34681788
"Tue-10-Sep-24,10:30:00",57102,57164,57056,57076,24668090
"Tue-10-Sep-24,10:45:00",57076,57148,57051,57137,16209523
"Tue-10-Sep-24,11:00:00",57137,57203,57102,57102,39995935
"Tue-10-Sep-24,11:15:00",57102,57156,57083,57103,27009245
"Tue-10-Sep-24,11:30:00",57103,57170,56984,57054,38316162
"Tue-10-Sep-24,11:45:00",57054,57244,57054,57196,49123352
"Tue-10-Sep-24,12:00:00",57196,57318,57177,57294,64516990
"Tue-10-Sep-24,12:15:00",57294,57388,57214,57326,85138852
"Tue-10-Sep-24,12:30:00",57326,57372,57254,57372,42765150
"Tue-10-Sep-24,12:45:00",57372,57497,57126,57179,127021801
"Tue-10-Sep-24,13:00:00",57179,57180,56843,56898,157242531
"Tue-10-Sep-24,13:15:00",56898,56954,56779,56885,103440577
"Tue-10-Sep-24,13:30:00",56885,56974,56606,56858,229815427
"Tue-10-Sep-24,13:45:00",56858,56940,56656,56710,135606478
"Tue-10-Sep-24,14:00:00",56710,57000,56518,56574,249354006
"Tue-10-Sep-24,14:15:00",56574,56997,56485,56972,200045266
"Tue-10-Sep-24,14:30:00",56972,57150,56809,56872,188064672
"Tue-10-Sep-24,14:45:00",56872,56993,56767,56913,74616023
"Tue-10-Sep-24,15:00:00",56913,57066,56673,56922,122021463
"Tue-10-Sep-24,15:15:00",56922,57120,56819,57110,72973816
"Tue-10-Sep-24,15:30:00",57110,57196,56921,56993,100056837
"Tue-10-Sep-24,15:45:00",56993,56993,56549,56549,144705671
"Tue-10-Sep-24,16:00:00",56549,56734,56521,56590,99073807
"Tue-10-Sep-24,16:15:00",56590,56792,56585,56754,46686586
"Tue-10-Sep-24,16:30:00",56754,56885,56700,56830,44892338
"Tue-10-Sep-24,16:45:00",56830,56927,56760,56784,36030266
"Tue-10-Sep-24,17:00:00",56784,57352,56762,57281,144969055
"Tue-10-Sep-24,17:15:00",57281,57364,57048,57080,115535978
"Tue-10-Sep-24,17:30:00",57080,57228,57061,57152,43437808
"Tue-10-Sep-24,17:45:00",57152,57268,57080,57151,61895617
"Tue-10-Sep-24,18:00:00",57151,57435,57151,57390,86069167
"Tue-10-Sep-24,18:15:00",57390,57730,57390,57634,248900186
"Tue-10-Sep-24,18:30:00",57634,57989,57541,57819,196877559
"Tue-10-Sep-24,18:45:00",57819,57888,57454,57562,152064227
"Tue-10-Sep-24,19:00:00",57562,57562,57300,57450,98718942
"Tue-10-Sep-24,19:15:00",57450,57607,57343,57586,69112214
"Tue-10-Sep-24,19:30:00",57586,57959,57550,57911,137515043
"Tue-10-Sep-24,19:45:00",57911,58040,57799,57930,127925380
"Tue-10-Sep-24,20:00:00",57930,57955,57696,57781,100103189
"Tue-10-Sep-24,20:15:00",57781,57860,57620,57669,61305753
"Tue-10-Sep-24,20:30:00",57669,57809,57634,57776,41117890
"Tue-10-Sep-24,20:45:00",57776,57844,57500,57544,53847464
"Tue-10-Sep-24,21:00:00",57544,57726,57474,57638,60478650
"Tue-10-Sep-24,21:15:00",57638,57672,57500,57571,28415601
"Tue-10-Sep-24,21:30:00",57571,57664,57500,57525,20092325
"Tue-10-Sep-24,21:45:00",57525,57546,57410,57495,41648130
"Tue-10-Sep-24,22:00:00",57495,57620,57422,57612,46513338
"Tue-10-Sep-24,22:15:00",57612,57654,57480,57500,24658048
"Tue-10-Sep-24,22:30:00",57500,57591,57450,57549,21274951
"Tue-10-Sep-24,22:45:00",57549,57589,57482,57586,17149565
"Tue-10-Sep-24,23:00:00",57586,57688,57559,57600,22746456
"Tue-10-Sep-24,23:15:00",57600,57864,57600,57728,48729472
"Tue-10-Sep-24,23:30:00",57728,57745,57605,57632,22629472
"Tue-10-Sep-24,23:45:00",57632,57648,57558,57620,25300460
"Wed-11-Sep-24,00:00:00",57620,57648,57500,57574,43157426
"Wed-11-Sep-24,00:15:00",57574,57595,57420,57496,31723352
"Wed-11-Sep-24,00:30:00",57496,57645,57446,57626,37142286
"Wed-11-Sep-24,00:45:00",57626,57670,57536,57620,27141852
"Wed-11-Sep-24,01:00:00",57620,57732,57518,57683,49437897
"Wed-11-Sep-24,01:15:00",57683,57683,57285,57354,104291193
"Wed-11-Sep-24,01:30:00",57354,57373,56644,57084,417422682
"Wed-11-Sep-24,01:45:00",57084,57245,56673,56690,200193982
"Wed-11-Sep-24,02:00:00",56690,57000,56656,56930,90930520
"Wed-11-Sep-24,02:15:00",56930,57086,56925,56953,55563657
"Wed-11-Sep-24,02:30:00",56953,57148,56751,57077,120398518
"Wed-11-Sep-24,02:45:00",57077,57090,56889,56892,65924120
"Wed-11-Sep-24,03:00:00",56892,56949,56731,56833,61102067
"Wed-11-Sep-24,03:15:00",56833,56844,56688,56690,52684334
"Wed-11-Sep-24,03:30:00",56690,56878,56644,56762,71429328
"Wed-11-Sep-24,03:45:00",56762,56824,56700,56784,38087280
"Wed-11-Sep-24,04:00:00",56784,56784,56576,56624,90570640
"Wed-11-Sep-24,04:15:00",56624,56624,56229,56477,281308179
"Wed-11-Sep-24,04:30:00",56477,56482,56319,56382,47779637
"Wed-11-Sep-24,04:45:00",56382,56540,56210,56498,133343314
"Wed-11-Sep-24,05:00:00",56498,56514,56220,56259,69549277
"Wed-11-Sep-24,05:15:00",56259,56371,56038,56128,139353674
"Wed-11-Sep-24,05:30:00",56128,56305,56073,56282,86493094
"Wed-11-Sep-24,05:45:00",56282,56300,56190,56220,55043858
"Wed-11-Sep-24,06:00:00",56220,56411,56150,56389,96417131
"Wed-11-Sep-24,06:15:00",56389,56445,56336,56407,64508998
"Wed-11-Sep-24,06:30:00",56407,56520,56379,56480,61314336
"Wed-11-Sep-24,06:45:00",56480,56568,56390,56441,51679239
"Wed-11-Sep-24,07:00:00",56441,56567,56441,56510,36122171
"Wed-11-Sep-24,07:15:00",56510,56628,56504,56628,38426682
"Wed-11-Sep-24,07:30:00",56628,56685,56531,56532,34882944
"Wed-11-Sep-24,07:45:00",56532,56770,56526,56687,77505217
"Wed-11-Sep-24,08:00:00",56687,56698,56530,56542,84917271
"Wed-11-Sep-24,08:15:00",56542,56597,56478,56550,37713506
"Wed-11-Sep-24,08:30:00",56550,56560,56322,56325,88218225
"Wed-11-Sep-24,08:45:00",56325,56405,56322,56370,47481930
"Wed-11-Sep-24,09:00:00",56370,56540,56352,56518,36809462
"Wed-11-Sep-24,09:15:00",56518,56596,56420,56511,39845197
"Wed-11-Sep-24,09:30:00",56511,56682,56511,56616,38144820
"Wed-11-Sep-24,09:45:00",56616,56715,56542,56651,38385613
"Wed-11-Sep-24,10:00:00",56651,56671,56487,56554,46227313
"Wed-11-Sep-24,10:15:00",56554,56593,56294,56504,114804670
"Wed-11-Sep-24,10:30:00",56504,56625,56450,56473,65827191
"Wed-11-Sep-24,10:45:00",56473,56545,56406,56493,59296630
"Wed-11-Sep-24,11:00:00",56493,56722,56493,56658,58639569
"Wed-11-Sep-24,11:15:00",56658,56740,56636,56680,52748576
"Wed-11-Sep-24,11:30:00",56680,56866,56679,56753,101853887
"Wed-11-Sep-24,11:45:00",56753,56833,56712,56779,51191180
"Wed-11-Sep-24,12:00:00",56779,56806,56596,56786,52407010
"Wed-11-Sep-24,12:15:00",56786,56921,56655,56806,111868400
"Wed-11-Sep-24,12:30:00",56806,56834,56443,56472,369580170
"Wed-11-Sep-24,12:45:00",56472,56787,56243,56720,204315448
"Wed-11-Sep-24,13:00:00",56720,57149,56700,56940,228354500
"Wed-11-Sep-24,13:15:00",56940,57100,56800,56810,101011690
"Wed-11-Sep-24,13:30:00",56810,56818,56260,56388,379036742
"Wed-11-Sep-24,13:45:00",56388,56421,55667,55712,550516720
"Wed-11-Sep-24,14:00:00",55712,55992,55620,55792,319675376
"Wed-11-Sep-24,14:15:00",55792,56016,55626,55885,205147091
"Wed-11-Sep-24,14:30:00",55885,55893,55589,55642,146642483
"Wed-11-Sep-24,14:45:00",55642,55950,55530,55950,233640450
"Wed-11-Sep-24,15:00:00",55950,56180,55830,56104,258432896
"Wed-11-Sep-24,15:15:00",56104,56333,56104,56298,161859846
"Wed-11-Sep-24,15:30:00",56298,56929,56262,56872,348033662
"Wed-11-Sep-24,15:45:00",56872,57000,56559,56673,257232255
"Wed-11-Sep-24,16:00:00",56673,57108,56619,56862,271576827
"Wed-11-Sep-24,16:15:00",56862,57112,56759,56848,143519702
"Wed-11-Sep-24,16:30:00",56848,57050,56773,56962,94310718
"Wed-11-Sep-24,16:45:00",56962,57510,56912,57284,265670446
"Wed-11-Sep-24,17:00:00",57284,57666,57225,57623,300053253
"Wed-11-Sep-24,17:15:00",57623,57800,57566,57680,190559204
"Wed-11-Sep-24,17:30:00",57680,57810,57447,57707,137047653
"Wed-11-Sep-24,17:45:00",57707,57884,57579,57675,137746641
"Wed-11-Sep-24,18:00:00",57675,57789,57643,57755,58482370
"Wed-11-Sep-24,18:15:00",57755,57977,57755,57868,140055762
"Wed-11-Sep-24,18:30:00",57868,57940,57592,57710,169727002
"Wed-11-Sep-24,18:45:00",57710,57719,57330,57476,230320844
"Wed-11-Sep-24,19:00:00",57476,57476,57295,57422,79087030
"Wed-11-Sep-24,19:15:00",57422,57575,57422,57550,69423070
"Wed-11-Sep-24,19:30:00",57550,57765,57439,57516,92022484
"Wed-11-Sep-24,19:45:00",57516,57654,57356,57551,87654349
"Wed-11-Sep-24,20:00:00",57551,57650,57470,57544,31135098
"Wed-11-Sep-24,20:15:00",57544,57593,57517,57559,13350193
"Wed-11-Sep-24,20:30:00",57559,57566,57400,57460,21814960
"Wed-11-Sep-24,20:45:00",57460,57558,57446,57446,21719894
"Wed-11-Sep-24,21:00:00",57446,57532,57228,57306,50207944
"Wed-11-Sep-24,21:15:00",57306,57384,57264,57266,22635910
"Wed-11-Sep-24,21:30:00",57266,57351,57220,57350,34416782
"Wed-11-Sep-24,21:45:00",57350,57370,57276,57326,25176674
"Wed-11-Sep-24,22:00:00",57326,57388,57278,57373,24191525
"Wed-11-Sep-24,22:15:00",57373,57384,57182,57284,30579898
"Wed-11-Sep-24,22:30:00",57284,57350,57275,57291,11685929
"Wed-11-Sep-24,22:45:00",57291,57445,57244,57445,30020330
"Wed-11-Sep-24,23:00:00",57445,57484,57374,57408,26999187
"Wed-11-Sep-24,23:15:00",57408,57464,57350,57361,16361327
"Wed-11-Sep-24,23:30:00",57361,57426,57350,57370,10554415
"Wed-11-Sep-24,23:45:00",57370,57420,57281,57310,24497050
"Thu-12-Sep-24,00:00:00",57310,57491,57298,57430,43154310
"Thu-12-Sep-24,00:15:00",57430,57700,57407,57586,129217344
"Thu-12-Sep-24,00:30:00",57586,57899,57553,57869,137399913
"Thu-12-Sep-24,00:45:00",57869,57869,57565,57592,62556666
"Thu-12-Sep-24,01:00:00",57592,57727,57572,57584,50393008
"Thu-12-Sep-24,01:15:00",57584,57755,57574,57748,30231436
"Thu-12-Sep-24,01:30:00",57748,57925,57674,57698,61328426
"Thu-12-Sep-24,01:45:00",57698,58313,57671,58118,157399724
"Thu-12-Sep-24,02:00:00",58118,58466,57925,57937,283499785
"Thu-12-Sep-24,02:15:00",57937,58073,57823,57949,84877693
"Thu-12-Sep-24,02:30:00",57949,58042,57812,57986,75101867
"Thu-12-Sep-24,02:45:00",57986,58063,57874,57923,51201701
"Thu-12-Sep-24,03:00:00",57923,58267,57923,58225,71940064
"Thu-12-Sep-24,03:15:00",58225,58281,58132,58254,36157696
"Thu-12-Sep-24,03:30:00",58254,58322,58142,58267,46020647
"Thu-12-Sep-24,03:45:00",58267,58305,58180,58210,27035945
"Thu-12-Sep-24,04:00:00",58210,58376,58150,58360,37312460
"Thu-12-Sep-24,04:15:00",58360,58405,58310,58342,48263738
"Thu-12-Sep-24,04:30:00",58342,58360,58206,58294,34655196
"Thu-12-Sep-24,04:45:00",58294,58294,58129,58154,36025832
"Thu-12-Sep-24,05:00:00",58154,58154,58040,58090,47279266
"Thu-12-Sep-24,05:15:00",58090,58130,58022,58047,26256723
"Thu-12-Sep-24,05:30:00",58047,58126,57952,58021,39007610
"Thu-12-Sep-24,05:45:00",58021,58100,57902,57948,58079094
"Thu-12-Sep-24,06:00:00",57948,58079,57911,58054,33377942
"Thu-12-Sep-24,06:15:00",58054,58073,57843,57909,49868531
"Thu-12-Sep-24,06:30:00",57909,57953,57801,57888,51828576
"Thu-12-Sep-24,06:45:00",57888,57974,57858,57918,28943970
"Thu-12-Sep-24,07:00:00",57918,58034,57837,57920,39847582
"Thu-12-Sep-24,07:15:00",57920,58047,57868,58030,30581650
"Thu-12-Sep-24,07:30:00",58030,58123,57960,58003,45959787
"Thu-12-Sep-24,07:45:00",58003,58119,57940,58105,37701848
"Thu-12-Sep-24,08:00:00",58105,58267,58067,58200,76698505
"Thu-12-Sep-24,08:15:00",58200,58309,58155,58289,51914311
"Thu-12-Sep-24,08:30:00",58289,58326,58226,58298,46048301
"Thu-12-Sep-24,08:45:00",58298,58313,58107,58145,53867505
"Thu-12-Sep-24,09:00:00",58145,58205,58071,58205,28665425
"Thu-12-Sep-24,09:15:00",58205,58227,58150,58152,19847958
"Thu-12-Sep-24,09:30:00",58152,58190,58053,58070,25354354
"Thu-12-Sep-24,09:45:00",58070,58086,57960,57997,48604663
"Thu-12-Sep-24,10:00:00",57997,58078,57972,58058,25692610
"Thu-12-Sep-24,10:15:00",58058,58070,57989,58010,15849882
"Thu-12-Sep-24,10:30:00",58010,58056,57923,57938,26800692
"Thu-12-Sep-24,10:45:00",57938,57985,57901,57906,21437092
"Thu-12-Sep-24,11:00:00",57906,57965,57868,57916,32311538
"Thu-12-Sep-24,11:15:00",57916,58070,57901,58064,48301796
"Thu-12-Sep-24,11:30:00",58064,58129,57982,58017,36057791
"Thu-12-Sep-24,11:45:00",58017,58092,57994,58035,13285875
"Thu-12-Sep-24,12:00:00",58035,58140,58030,58055,38709325
"Thu-12-Sep-24,12:15:00",58055,58115,58016,58085,27866370
"Thu-12-Sep-24,12:30:00",58085,58132,57685,57784,230423496
"Thu-12-Sep-24,12:45:00",57784,57832,57557,57674,172138646
"Thu-12-Sep-24,13:00:00",57674,57772,57590,57668,108484800
"Thu-12-Sep-24,13:15:00",57668,57734,57625,57732,47460700
"Thu-12-Sep-24,13:30:00",57732,57882,57532,57679,259909517
"Thu-12-Sep-24,13:45:00",57679,57706,57307,57603,313254725
"Thu-12-Sep-24,14:00:00",57603,57963,57531,57961,168546020
"Thu-12-Sep-24,14:15:00",57961,58266,57871,58222,237813722
"Thu-12-Sep-24,14:30:00",58222,58581,57960,57980,399694272
"Thu-12-Sep-24,14:45:00",57980,57998,57500,57500,286015820
"Thu-12-Sep-24,15:00:00",57500,57850,57371,57817,217234683
"Thu-12-Sep-24,15:15:00",57817,57817,57481,57576,84413061
"Thu-12-Sep-24,15:30:00",57576,57736,57520,57524,67306396
"Thu-12-Sep-24,15:45:00",57524,57556,57380,57475,115795861
"Thu-12-Sep-24,16:00:00",57475,57743,57457,57731,96500269
"Thu-12-Sep-24,16:15:00",57731,57898,57731,57780,121350513
"Thu-12-Sep-24,16:30:00",57780,57850,57673,57776,50268604
"Thu-12-Sep-24,16:45:00",57776,58116,57752,58042,97698950
"Thu-12-Sep-24,17:00:00",58042,58196,57978,58117,95362931
"Thu-12-Sep-24,17:15:00",58117,58276,58094,58124,89383939
"Thu-12-Sep-24,17:30:00",58124,58300,58077,58202,83407862
"Thu-12-Sep-24,17:45:00",58202,58404,58201,58380,91900780
"Thu-12-Sep-24,18:00:00",58380,58400,58220,58302,56862198
"Thu-12-Sep-24,18:15:00",58302,58446,58272,58370,81214618
"Thu-12-Sep-24,18:30:00",58370,58418,58265,58328,46579302
"Thu-12-Sep-24,18:45:00",58328,58364,57942,58148,157194140
"Thu-12-Sep-24,19:00:00",58148,58424,58097,58347,96699925
"Thu-12-Sep-24,19:15:00",58347,58436,58176,58244,71358484
"Thu-12-Sep-24,19:30:00",58244,58270,58120,58264,60457252
"Thu-12-Sep-24,19:45:00",58264,58398,58224,58384,60186592
"Thu-12-Sep-24,20:00:00",58384,58390,58124,58158,91312802
"Thu-12-Sep-24,20:15:00",58158,58260,58156,58184,21053170
"Thu-12-Sep-24,20:30:00",58184,58244,58078,58165,40088795
"Thu-12-Sep-24,20:45:00",58165,58231,58128,58176,25185434
"Thu-12-Sep-24,21:00:00",58176,58201,58013,58041,40316103
"Thu-12-Sep-24,21:15:00",58041,58041,57770,57948,104241729
"Thu-12-Sep-24,21:30:00",57948,58392,57646,57788,230053720
"Thu-12-Sep-24,21:45:00",57788,57965,57770,57891,59232597
"Thu-12-Sep-24,22:00:00",57891,58006,57863,57922,42491963
"Thu-12-Sep-24,22:15:00",57922,58053,57902,58016,30466878
"Thu-12-Sep-24,22:30:00",58016,58212,57986,58198,68690762
"Thu-12-Sep-24,22:45:00",58198,58243,58065,58117,36955811
"Thu-12-Sep-24,23:00:00",58117,58149,58003,58016,32894323
"Thu-12-Sep-24,23:15:00",58016,58066,58016,58039,9398569
"Thu-12-Sep-24,23:30:00",58039,58163,58039,58094,12826564
"Thu-12-Sep-24,23:45:00",58094,58155,58071,58105,13768267
"Fri-13-Sep-24,00:00:00",58105,58215,58093,58189,24229701
"Fri-13-Sep-24,00:15:00",58189,58211,58018,58059,25486912
"Fri-13-Sep-24,00:30:00",58059,58157,58009,58136,17707918
"Fri-13-Sep-24,00:45:00",58136,58181,57950,58003,52903893
"Fri-13-Sep-24,01:00:00",58003,58042,57836,57866,61483317
"Fri-13-Sep-24,01:15:00",57866,57949,57851,57948,31479022
"Fri-13-Sep-24,01:30:00",57948,57960,57894,57922,8924018
"Fri-13-Sep-24,01:45:00",57922,58232,57915,58110,61744664
"Fri-13-Sep-24,02:00:00",58110,58150,57961,57988,23418452
"Fri-13-Sep-24,02:15:00",57988,58038,57938,58007,26152569
"Fri-13-Sep-24,02:30:00",58007,58080,57976,58080,12181397
"Fri-13-Sep-24,02:45:00",58080,58080,58000,58020,11616060
"Fri-13-Sep-24,03:00:00",58020,58046,57991,57991,15839489
"Fri-13-Sep-24,03:15:00",57991,58004,57958,57984,10032450
"Fri-13-Sep-24,03:30:00",57984,57995,57852,57875,34384621
"Fri-13-Sep-24,03:45:00",57875,57915,57800,57822,33451803
"Fri-13-Sep-24,04:00:00",57822,57912,57794,57900,18329496
"Fri-13-Sep-24,04:15:00",57900,57944,57900,57944,10306156
"Fri-13-Sep-24,04:30:00",57944,57960,57805,57831,20454345
"Fri-13-Sep-24,04:45:00",57831,57871,57807,57809,15267406
"Fri-13-Sep-24,05:00:00",57809,57900,57808,57870,19076909
"Fri-13-Sep-24,05:15:00",57870,57874,57801,57836,13773094
"Fri-13-Sep-24,05:30:00",57836,58000,57815,57964,24985024
"Fri-13-Sep-24,05:45:00",57964,57964,57900,57911,15534405
"Fri-13-Sep-24,06:00:00",57911,57926,57811,57842,41116879
"Fri-13-Sep-24,06:15:00",57842,57900,57816,57821,17757515
"Fri-13-Sep-24,06:30:00",57821,57846,57708,57786,47528897
"Fri-13-Sep-24,06:45:00",57786,57786,57701,57728,25483684
"Fri-13-Sep-24,07:00:00",57728,57890,57727,57833,33482135
"Fri-13-Sep-24,07:15:00",57833,57944,57833,57936,26603077
"Fri-13-Sep-24,07:30:00",57936,57975,57893,57949,25723571
"Fri-13-Sep-24,07:45:00",57949,58118,57922,58085,59803232
"Fri-13-Sep-24,08:00:00",58085,58128,58013,58064,43738026
"Fri-13-Sep-24,08:15:00",58064,58064,57961,58021,25141755
"Fri-13-Sep-24,08:30:00",58021,58021,57966,57983,16652065
"Fri-13-Sep-24,08:45:00",57983,58029,57890,57927,30151216
"Fri-13-Sep-24,09:00:00",57927,58000,57892,57996,17088396
"Fri-13-Sep-24,09:15:00",57996,58110,57964,58078,36827378
"Fri-13-Sep-24,09:30:00",58078,58120,58049,58104,19339948
"Fri-13-Sep-24,09:45:00",58104,58104,58025,58025,15804367
"Fri-13-Sep-24,10:00:00",58025,58110,58003,58105,17871620
"Fri-13-Sep-24,10:15:00",58105,58179,58067,58139,33584656
"Fri-13-Sep-24,10:30:00",58139,58248,58109,58240,44941346
"Fri-13-Sep-24,10:45:00",58240,58336,58231,58325,93416875
"Fri-13-Sep-24,11:00:00",58325,58325,58236,58287,31553863
"Fri-13-Sep-24,11:15:00",58287,58315,58130,58150,60327182
"Fri-13-Sep-24,11:30:00",58150,58174,58037,58065,58673435
"Fri-13-Sep-24,11:45:00",58065,58101,57774,57842,138775573
"Fri-13-Sep-24,12:00:00",57842,57922,57780,57832,93704050
"Fri-13-Sep-24,12:15:00",57832,57886,57579,57669,178527547
"Fri-13-Sep-24,12:30:00",57669,57742,57617,57738,77103384
"Fri-13-Sep-24,12:45:00",57738,57935,57733,57872,115244914
"Fri-13-Sep-24,13:00:00",57872,57914,57700,57794,83798734
"Fri-13-Sep-24,13:15:00",57794,57800,57684,57703,40513685
"Fri-13-Sep-24,13:30:00",57703,58086,57634,58074,169761855
"Fri-13-Sep-24,13:45:00",58074,58141,57975,58026,142513644
"Fri-13-Sep-24,14:00:00",58026,58322,57834,58196,230769232
"Fri-13-Sep-24,14:15:00",58196,58300,58019,58050,108186510
"Fri-13-Sep-24,14:30:00",58050,58300,57790,58282,177923018
"Fri-13-Sep-24,14:45:00",58282,58541,58205,58432,201422442
"Fri-13-Sep-24,15:00:00",58432,58516,58341,58449,105761903
"Fri-13-Sep-24,15:15:00",58449,59113,58390,59008,484366304
"Fri-13-Sep-24,15:30:00",59008,59481,59007,59328,428161728
"Fri-13-Sep-24,15:45:00",59328,59698,59328,59636,275400268
"Fri-13-Sep-24,16:00:00",59636,59788,59516,59549,283151815
"Fri-13-Sep-24,16:15:00",59549,59710,59480,59598,106116269
"Fri-13-Sep-24,16:30:00",59598,59635,59335,59430,127778280
"Fri-13-Sep-24,16:45:00",59430,59505,59283,59419,85222631
"Fri-13-Sep-24,17:00:00",59419,59588,59415,59554,68569391
"Fri-13-Sep-24,17:15:00",59554,59649,59522,59563,77301083
"Fri-13-Sep-24,17:30:00",59563,59755,59563,59746,83566706
"Fri-13-Sep-24,17:45:00",59746,59950,59496,59545,259716063
"Fri-13-Sep-24,18:00:00",59545,59720,59429,59540,72823540
"Fri-13-Sep-24,18:15:00",59540,59629,59462,59513,46917547
"Fri-13-Sep-24,18:30:00",59513,59893,59474,59755,182050025
"Fri-13-Sep-24,18:45:00",59755,59831,59658,59720,63400090
"Fri-13-Sep-24,19:00:00",59720,59879,59702,59845,87549395
"Fri-13-Sep-24,19:15:00",59845,59947,59795,59945,48594040
"Fri-13-Sep-24,19:30:00",59945,59971,59753,59863,89138297
"Fri-13-Sep-24,19:45:00",59863,59882,59604,59700,88836855
"Fri-13-Sep-24,20:00:00",59700,59706,59585,59644,43879556
"Fri-13-Sep-24,20:15:00",59644,59829,59644,59795,42406733
"Fri-13-Sep-24,20:30:00",59795,59930,59792,59918,52679272
"Fri-13-Sep-24,20:45:00",59918,59918,59789,59800,33254608
"Fri-13-Sep-24,21:00:00",59800,60311,59777,60045,255106555
"Fri-13-Sep-24,21:15:00",60045,60349,60002,60140,148431145
"Fri-13-Sep-24,21:30:00",60140,60327,60059,60202,77881238
"Fri-13-Sep-24,21:45:00",60202,60274,60138,60247,36241559
"Fri-13-Sep-24,22:00:00",60247,60550,60200,60362,207611047
"Fri-13-Sep-24,22:15:00",60362,60590,60288,60429,221649197
"Fri-13-Sep-24,22:30:00",60429,60546,60328,60493,54869468
"Fri-13-Sep-24,22:45:00",60493,60614,60484,60581,48515298
"Fri-13-Sep-24,23:00:00",60581,60602,60333,60341,86933975
"Fri-13-Sep-24,23:15:00",60341,60401,60312,60327,34394384
"Fri-13-Sep-24,23:30:00",60327,60500,60305,60480,39996648
"Fri-13-Sep-24,23:45:00",60480,60624,60466,60466,60238094
"Sat-14-Sep-24,00:00:00",60466,60571,60437,60478,44502964
"Sat-14-Sep-24,00:15:00",60478,60584,60456,60458,22134968
"Sat-14-Sep-24,00:30:00",60458,60474,60354,60454,50240602
"Sat-14-Sep-24,00:45:00",60454,60476,60380,60385,17954907
"Sat-14-Sep-24,01:00:00",60385,60569,60385,60481,43597874
"Sat-14-Sep-24,01:15:00",60481,60529,60461,60522,26974485
"Sat-14-Sep-24,01:30:00",60522,60560,60462,60506,22453678
"Sat-14-Sep-24,01:45:00",60506,60519,60380,60380,23597466
"Sat-14-Sep-24,02:00:00",60380,60470,60380,60460,22823560
"Sat-14-Sep-24,02:15:00",60460,60475,60383,60412,13664008
"Sat-14-Sep-24,02:30:00",60412,60413,60342,60353,19815195
"Sat-14-Sep-24,02:45:00",60353,60385,60251,60255,46652967
"Sat-14-Sep-24,03:00:00",60255,60354,60254,60324,23017341
"Sat-14-Sep-24,03:15:00",60324,60401,60324,60367,18700397
"Sat-14-Sep-24,03:30:00",60367,60401,60301,60301,14186311
"Sat-14-Sep-24,03:45:00",60301,60333,60274,60292,10914490
"Sat-14-Sep-24,04:00:00",60292,60309,60260,60260,12902520
"Sat-14-Sep-24,04:15:00",60260,60322,60231,60292,20187068
"Sat-14-Sep-24,04:30:00",60292,60295,60197,60230,39853074
"Sat-14-Sep-24,04:45:00",60230,60250,60120,60184,41076906
"Sat-14-Sep-24,05:00:00",60184,60207,60157,60176,16008952
"Sat-14-Sep-24,05:15:00",60176,60190,60054,60075,64147717
"Sat-14-Sep-24,05:30:00",60075,60126,60022,60115,28235210
"Sat-14-Sep-24,05:45:00",60115,60115,59873,59894,70996036
"Sat-14-Sep-24,06:00:00",59894,60028,59868,59994,53125878
"Sat-14-Sep-24,06:15:00",59994,59994,59926,59954,14218618
"Sat-14-Sep-24,06:30:00",59954,59995,59851,59993,31715627
"Sat-14-Sep-24,06:45:00",59993,60060,59971,60014,28256682
"Sat-14-Sep-24,07:00:00",60014,60020,59960,60016,16083750
"Sat-14-Sep-24,07:15:00",60016,60071,60000,60068,31928460
"Sat-14-Sep-24,07:30:00",60068,60153,60061,60117,37782723
"Sat-14-Sep-24,07:45:00",60117,60149,60088,60109,17433938
"Sat-14-Sep-24,08:00:00",60109,60127,59995,60007,35524521
"Sat-14-Sep-24,08:15:00",60007,60026,59966,59966,17582092
"Sat-14-Sep-24,08:30:00",59966,60026,59954,59980,19488936
"Sat-14-Sep-24,08:45:00",59980,59980,59904,59950,22912390
"Sat-14-Sep-24,09:00:00",59950,60016,59943,59978,19963322
"Sat-14-Sep-24,09:15:00",59978,59978,59911,59934,13435116
"Sat-14-Sep-24,09:30:00",59934,59968,59873,59913,22475271
"Sat-14-Sep-24,09:45:00",59913,60041,59816,60041,64586086
"Sat-14-Sep-24,10:00:00",60041,60041,59923,59973,27739010
"Sat-14-Sep-24,10:15:00",59973,59973,59894,59946,19431279
"Sat-14-Sep-24,10:30:00",59946,59949,59891,59895,10070979
"Sat-14-Sep-24,10:45:00",59895,59895,59758,59822,58757068
"Sat-14-Sep-24,11:00:00",59822,59822,59669,59737,73880255
"Sat-14-Sep-24,11:15:00",59737,59810,59702,59765,40023762
"Sat-14-Sep-24,11:30:00",59765,59796,59609,59658,62454532
"Sat-14-Sep-24,11:45:00",59658,59696,59560,59670,51783132
"Sat-14-Sep-24,12:00:00",59670,59746,59596,59745,34608525
"Sat-14-Sep-24,12:15:00",59745,59793,59709,59779,28558076
"Sat-14-Sep-24,12:30:00",59779,59787,59723,59736,18352196
"Sat-14-Sep-24,12:45:00",59736,59822,59736,59757,22400979
"Sat-14-Sep-24,13:00:00",59757,59760,59701,59730,26771163
"Sat-14-Sep-24,13:15:00",59730,59733,59610,59660,53458420
"Sat-14-Sep-24,13:30:00",59660,59709,59601,59704,28457776
"Sat-14-Sep-24,13:45:00",59704,59740,59680,59732,18985844
"Sat-14-Sep-24,14:00:00",59732,59741,59667,59693,19950527
"Sat-14-Sep-24,14:15:00",59693,59967,59674,59905,76944065
"Sat-14-Sep-24,14:30:00",59905,59992,59814,59858,68291747
"Sat-14-Sep-24,14:45:00",59858,59928,59832,59887,21728425
"Sat-14-Sep-24,15:00:00",59887,59927,59848,59882,15211303
"Sat-14-Sep-24,15:15:00",59882,59920,59845,59901,15928593
"Sat-14-Sep-24,15:30:00",59901,59901,59807,59813,20126824
"Sat-14-Sep-24,15:45:00",59813,59876,59794,59846,23207411
"Sat-14-Sep-24,16:00:00",59846,59892,59801,59892,22502050
"Sat-14-Sep-24,16:15:00",59892,59955,59821,59830,39289214
"Sat-14-Sep-24,16:30:00",59830,59915,59830,59895,10649675
"Sat-14-Sep-24,16:45:00",59895,59964,59812,59953,35577572
"Sat-14-Sep-24,17:00:00",59953,59953,59856,59856,14388817
"Sat-14-Sep-24,17:15:00",59856,59906,59854,59854,7900994
"Sat-14-Sep-24,17:30:00",59854,59858,59816,59843,12210227
"Sat-14-Sep-24,17:45:00",59843,59873,59829,59862,7121298
"Sat-14-Sep-24,18:00:00",59862,59862,59358,59606,341273518
"Sat-14-Sep-24,18:15:00",59606,59733,59550,59627,56387255
"Sat-14-Sep-24,18:30:00",59627,59747,59627,59730,26533912
"Sat-14-Sep-24,18:45:00",59730,59793,59676,59755,20308175
"Sat-14-Sep-24,19:00:00",59755,59760,59701,59742,14341213
"Sat-14-Sep-24,19:15:00",59742,59858,59735,59844,27182508
"Sat-14-Sep-24,19:30:00",59844,59882,59777,59816,16756348
"Sat-14-Sep-24,19:45:00",59816,59836,59780,59783,9331329
"Sat-14-Sep-24,20:00:00",59783,59826,59762,59765,12793580
"Sat-14-Sep-24,20:15:00",59765,60100,59751,59984,103094406
"Sat-14-Sep-24,20:30:00",59984,60017,59914,59935,48407137
"Sat-14-Sep-24,20:45:00",59935,60026,59908,59988,28588942
"Sat-14-Sep-24,21:00:00",59988,60016,59940,59983,22915421
"Sat-14-Sep-24,21:15:00",59983,60015,59953,60008,13136252
"Sat-14-Sep-24,21:30:00",60008,60008,59913,59985,14641975
"Sat-14-Sep-24,21:45:00",59985,60040,59972,59999,7738051
"Sat-14-Sep-24,22:00:00",59999,60128,59901,59936,51899198
"Sat-14-Sep-24,22:15:00",59936,59964,59899,59946,11687510
"Sat-14-Sep-24,22:30:00",59946,60136,59946,60020,42861316
"Sat-14-Sep-24,22:45:00",60020,60039,59975,59989,10743611
"Sat-14-Sep-24,23:00:00",59989,60032,59981,59990,7678591
"Sat-14-Sep-24,23:15:00",59990,59999,59944,59946,9598444
"Sat-14-Sep-24,23:30:00",59946,59968,59924,59940,9831150
"Sat-14-Sep-24,23:45:00",59940,59979,59940,59968,5454512
"Sun-15-Sep-24,00:00:00",59968,60000,59961,60000,9295008
"Sun-15-Sep-24,00:15:00",60000,60051,59979,60044,8339956
"Sun-15-Sep-24,00:30:00",60044,60079,60033,60070,10207454
"Sun-15-Sep-24,00:45:00",60070,60098,59960,60003,11833857
"Sun-15-Sep-24,01:00:00",60003,60100,60001,60094,21180968
"Sun-15-Sep-24,01:15:00",60094,60250,60066,60159,51380305
"Sun-15-Sep-24,01:30:00",60159,60250,60139,60156,23762808
"Sun-15-Sep-24,01:45:00",60156,60237,60152,60198,17505354
"Sun-15-Sep-24,02:00:00",60198,60215,60128,60146,16072918
"Sun-15-Sep-24,02:15:00",60146,60164,60084,60144,19006138
"Sun-15-Sep-24,02:30:00",60144,60200,60143,60194,8780974
"Sun-15-Sep-24,02:45:00",60194,60233,60194,60206,10052386
"Sun-15-Sep-24,03:00:00",60206,60212,60177,60212,8007392
"Sun-15-Sep-24,03:15:00",60212,60220,60157,60157,8911431
"Sun-15-Sep-24,03:30:00",60157,60171,60112,60152,11309521
"Sun-15-Sep-24,03:45:00",60152,60152,60100,60132,7879932
"Sun-15-Sep-24,04:00:00",60132,60180,60132,60166,6434090
"Sun-15-Sep-24,04:15:00",60166,60197,60019,60112,32249030
"Sun-15-Sep-24,04:30:00",60112,60136,60107,60108,13224644
"Sun-15-Sep-24,04:45:00",60108,60129,60075,60095,12442369
"Sun-15-Sep-24,05:00:00",60095,60124,60095,60124,7872416
"Sun-15-Sep-24,05:15:00",60124,60180,60121,60177,24350167
"Sun-15-Sep-24,05:30:00",60177,60186,60143,60179,8846017
"Sun-15-Sep-24,05:45:00",60179,60180,60111,60119,11554428
"Sun-15-Sep-24,06:00:00",60119,60162,60096,60106,9077982
"Sun-15-Sep-24,06:15:00",60106,60122,60104,60110,6912186
"Sun-15-Sep-24,06:30:00",60110,60122,60106,60114,3486376
"Sun-15-Sep-24,06:45:00",60114,60137,60109,60128,5350132
"Sun-15-Sep-24,07:00:00",60128,60130,60098,60098,6974878
"Sun-15-Sep-24,07:15:00",60098,60178,60093,60177,14603735
"Sun-15-Sep-24,07:30:00",60177,60177,60123,60145,7161095
"Sun-15-Sep-24,07:45:00",60145,60165,60144,60162,10705793
"Sun-15-Sep-24,08:00:00",60162,60176,60110,60131,27012769
"Sun-15-Sep-24,08:15:00",60131,60164,60004,60043,36018557
"Sun-15-Sep-24,08:30:00",60043,60095,60043,60083,10507485
"Sun-15-Sep-24,08:45:00",60083,60090,60035,60043,7930996
"Sun-15-Sep-24,09:00:00",60043,60060,60002,60031,11408182
"Sun-15-Sep-24,09:15:00",60031,60083,60031,60078,11826060
"Sun-15-Sep-24,09:30:00",60078,60085,60022,60028,14599004
"Sun-15-Sep-24,09:45:00",60028,60043,59975,59985,30374211
"Sun-15-Sep-24,10:00:00",59985,60023,59951,59961,26393424
"Sun-15-Sep-24,10:15:00",59961,59961,59910,59910,30520200
"Sun-15-Sep-24,10:30:00",59910,59995,59832,59973,46370277
"Sun-15-Sep-24,10:45:00",59973,59990,59933,59958,14213616
"Sun-15-Sep-24,11:00:00",59958,59963,59872,59911,19906103
"Sun-15-Sep-24,11:15:00",59911,59929,59868,59929,15816486
"Sun-15-Sep-24,11:30:00",59929,60008,59910,59993,26728270
"Sun-15-Sep-24,11:45:00",59993,60004,59963,59975,11038730
"Sun-15-Sep-24,12:00:00",59975,59975,59927,59954,21111221
"Sun-15-Sep-24,12:15:00",59954,60000,59928,59981,11930819
"Sun-15-Sep-24,12:30:00",59981,60016,59968,59992,15954935
"Sun-15-Sep-24,12:45:00",59992,60109,59962,60083,27056301
"Sun-15-Sep-24,13:00:00",60083,60235,60056,60150,64649241
"Sun-15-Sep-24,13:15:00",60150,60348,60150,60181,86495669
"Sun-15-Sep-24,13:30:00",60181,60200,60110,60147,23290081
"Sun-15-Sep-24,13:45:00",60147,60163,60090,60161,24479815
"Sun-15-Sep-24,14:00:00",60161,60200,59964,60013,37299968
"Sun-15-Sep-24,14:15:00",60013,60050,59846,60050,105502817
"Sun-15-Sep-24,14:30:00",60050,60181,60050,60128,46478622
"Sun-15-Sep-24,14:45:00",60128,60275,60100,60250,51950470
"Sun-15-Sep-24,15:00:00",60250,60393,60161,60200,82663050
"Sun-15-Sep-24,15:15:00",60200,60246,60141,60228,25283972
"Sun-15-Sep-24,15:30:00",60228,60360,60180,60352,26379740
"Sun-15-Sep-24,15:45:00",60352,60358,60287,60313,28546535
"Sun-15-Sep-24,16:00:00",60313,60330,60154,60154,31483545
"Sun-15-Sep-24,16:15:00",60154,60207,59988,60078,77478428
"Sun-15-Sep-24,16:30:00",60078,60107,59965,59965,39831827
"Sun-15-Sep-24,16:45:00",59965,60040,59906,59926,51809799
"Sun-15-Sep-24,17:00:00",59926,60020,59678,59800,122009462
"Sun-15-Sep-24,17:15:00",59800,59908,59728,59880,66975920
"Sun-15-Sep-24,17:30:00",59880,59880,59723,59777,36227503
"Sun-15-Sep-24,17:45:00",59777,59835,59714,59788,19367737
"Sun-15-Sep-24,18:00:00",59788,59894,59766,59774,26665462
"Sun-15-Sep-24,18:15:00",59774,59812,59738,59812,14226174
"Sun-15-Sep-24,18:30:00",59812,59906,59716,59764,37801232
"Sun-15-Sep-24,18:45:00",59764,60165,59742,59949,190228627
"Sun-15-Sep-24,19:00:00",59949,60118,59926,60016,54313727
"Sun-15-Sep-24,19:15:00",60016,60047,59777,59830,52994314
"Sun-15-Sep-24,19:30:00",59830,59888,59778,59837,42479293
"Sun-15-Sep-24,19:45:00",59837,59859,59786,59853,15677278
"Sun-15-Sep-24,20:00:00",59853,59879,59720,59874,44111640
"Sun-15-Sep-24,20:15:00",59874,59919,59660,59701,54425639
"Sun-15-Sep-24,20:30:00",59701,59820,59667,59754,42626461
"Sun-15-Sep-24,20:45:00",59754,59847,59723,59770,36927956
"Sun-15-Sep-24,21:00:00",59770,59776,59494,59514,136813786
"Sun-15-Sep-24,21:15:00",59514,59683,59430,59508,73321254
"Sun-15-Sep-24,21:30:00",59508,59629,59500,59610,28742262
"Sun-15-Sep-24,21:45:00",59610,59675,59501,59636,28135894
"Sun-15-Sep-24,22:00:00",59636,59650,59361,59404,87009156
"Sun-15-Sep-24,22:15:00",59404,59460,59372,59398,31246510
"Sun-15-Sep-24,22:30:00",59398,59463,59372,59418,35282392
"Sun-15-Sep-24,22:45:00",59418,59447,59376,59398,15329864
"Sun-15-Sep-24,23:00:00",59398,59432,58652,58810,457365188
"Sun-15-Sep-24,23:15:00",58810,59240,58724,59222,185015848
"Sun-15-Sep-24,23:30:00",59222,59228,58901,59115,129755509
"Sun-15-Sep-24,23:45:00",59115,59187,59086,59101,36651314
"Mon-16-Sep-24,00:00:00",59101,59182,58913,58915,74526547
"Mon-16-Sep-24,00:15:00",58915,58994,58758,58848,95560197
"Mon-16-Sep-24,00:30:00",58848,58848,58570,58718,176661826
"Mon-16-Sep-24,00:45:00",58718,58785,58604,58633,70344249
"Mon-16-Sep-24,01:00:00",58633,58693,58456,58494,112810031
"Mon-16-Sep-24,01:15:00",58494,58728,58411,58690,110728946
"Mon-16-Sep-24,01:30:00",58690,58781,58370,58657,127239953
"Mon-16-Sep-24,01:45:00",58657,58703,58400,58577,70740422
"Mon-16-Sep-24,02:00:00",58577,58640,58288,58380,128693866
"Mon-16-Sep-24,02:15:00",58380,58478,58236,58350,97144350
"Mon-16-Sep-24,02:30:00",58350,58472,58258,58350,64243350
"Mon-16-Sep-24,02:45:00",58350,58445,58065,58243,162038057
"Mon-16-Sep-24,03:00:00",58243,58333,58190,58329,80957684
"Mon-16-Sep-24,03:15:00",58329,58446,58293,58405,81193892
"Mon-16-Sep-24,03:30:00",58405,58526,58401,58443,64654297
"Mon-16-Sep-24,03:45:00",58443,58586,58442,58547,39799579
"Mon-16-Sep-24,04:00:00",58547,58571,58413,58471,45959471
"Mon-16-Sep-24,04:15:00",58471,58479,58392,58438,43736341
"Mon-16-Sep-24,04:30:00",58438,58468,58352,58378,42659800
"Mon-16-Sep-24,04:45:00",58378,58400,58282,58324,46235430
"Mon-16-Sep-24,05:00:00",58324,58534,58313,58526,53657878
"Mon-16-Sep-24,05:15:00",58526,58618,58431,58447,53258739
"Mon-16-Sep-24,05:30:00",58447,58466,58374,58466,28288329
"Mon-16-Sep-24,05:45:00",58466,58642,58466,58637,45486377
"Mon-16-Sep-24,06:00:00",58637,58796,58596,58779,59750961
"Mon-16-Sep-24,06:15:00",58779,58827,58665,58710,63598947
"Mon-16-Sep-24,06:30:00",58710,58712,58636,58649,32995081
"Mon-16-Sep-24,06:45:00",58649,58688,58607,58681,33723143
"Mon-16-Sep-24,07:00:00",58681,58783,58638,58776,25702183
"Mon-16-Sep-24,07:15:00",58776,58850,58728,58834,39732518
"Mon-16-Sep-24,07:30:00",58834,58896,58783,58810,51244438
"Mon-16-Sep-24,07:45:00",58810,58942,58810,58882,51458678
"Mon-16-Sep-24,08:00:00",58882,58921,58829,58892,44985838
"Mon-16-Sep-24,08:15:00",58892,59159,58862,59046,158596002
"Mon-16-Sep-24,08:30:00",59046,59079,58893,58941,79416975
"Mon-16-Sep-24,08:45:00",58941,58974,58862,58891,26523500
"Mon-16-Sep-24,09:00:00",58891,59008,58867,59008,23909629
"Mon-16-Sep-24,09:15:00",59008,59008,58737,58800,86800976
"Mon-16-Sep-24,09:30:00",58800,58813,58588,58676,80379724
"Mon-16-Sep-24,09:45:00",58676,58679,58551,58606,63722206
"Mon-16-Sep-24,10:00:00",58606,58618,58500,58554,43192674
"Mon-16-Sep-24,10:15:00",58554,58608,58475,58577,38587063
"Mon-16-Sep-24,10:30:00",58577,58661,58508,58657,53363567
"Mon-16-Sep-24,10:45:00",58657,58715,58610,58715,34196973
"Mon-16-Sep-24,11:00:00",58715,58769,58662,58750,38634435
"Mon-16-Sep-24,11:15:00",58750,58840,58638,58704,50877546
"Mon-16-Sep-24,11:30:00",58704,58748,58622,58626,21074814
"Mon-16-Sep-24,11:45:00",58626,58668,58620,58634,15829012
"Mon-16-Sep-24,12:00:00",58634,58760,58610,58730,32014068
"Mon-16-Sep-24,12:15:00",58730,58746,58550,58584,45985736
"Mon-16-Sep-24,12:30:00",58584,58667,58407,58620,101818956
"Mon-16-Sep-24,12:45:00",58620,58675,58449,58505,43554775
"Mon-16-Sep-24,13:00:00",58505,58592,58432,58537,31417153
"Mon-16-Sep-24,13:15:00",58537,58585,58357,58513,48761345
"Mon-16-Sep-24,13:30:00",58513,58527,58048,58061,317257938
"Mon-16-Sep-24,13:45:00",58061,58476,57923,58470,278344025
"Mon-16-Sep-24,14:00:00",58470,58537,58176,58363,127873997
"Mon-16-Sep-24,14:15:00",58363,58436,57852,57968,214075879
"Mon-16-Sep-24,14:30:00",57968,57979,57555,57738,421079782
"Mon-16-Sep-24,14:45:00",57738,57774,57550,57580,131642798
"Mon-16-Sep-24,15:00:00",57580,57900,57530,57809,170666891
"Mon-16-Sep-24,15:15:00",57809,57949,57771,57903,94575430
"Mon-16-Sep-24,15:30:00",57903,57985,57787,57800,63751306
"Mon-16-Sep-24,15:45:00",57800,57974,57738,57867,70631533
"Mon-16-Sep-24,16:00:00",57867,57925,57759,57814,59487329
"Mon-16-Sep-24,16:15:00",57814,57941,57694,57893,63942205
"Mon-16-Sep-24,16:30:00",57893,57908,57732,57732,36820109
"Mon-16-Sep-24,16:45:00",57732,57884,57650,57785,52536067
"Mon-16-Sep-24,17:00:00",57785,57796,57450,57567,126607153
"Mon-16-Sep-24,17:15:00",57567,57719,57490,57673,76276169
"Mon-16-Sep-24,17:30:00",57673,57927,57486,57830,121805219
"Mon-16-Sep-24,17:45:00",57830,58250,57830,58153,190260377
"Mon-16-Sep-24,18:00:00",58153,58177,57684,57698,199116327
"Mon-16-Sep-24,18:15:00",57698,57822,57694,57749,61621413
"Mon-16-Sep-24,18:30:00",57749,57890,57673,57675,65776185
"Mon-16-Sep-24,18:45:00",57675,57874,57665,57870,29587080
"Mon-16-Sep-24,19:00:00",57870,57962,57792,57828,52603872
"Mon-16-Sep-24,19:15:00",57828,57990,57767,57927,33655797
"Mon-16-Sep-24,19:30:00",57927,57982,57844,57951,20969550
"Mon-16-Sep-24,19:45:00",57951,58014,57832,57922,46129025
"Mon-16-Sep-24,20:00:00",57922,58165,57819,58138,64814502
"Mon-16-Sep-24,20:15:00",58138,58138,57775,57781,64766089
"Mon-16-Sep-24,20:30:00",57781,57834,57680,57784,55527538
"Mon-16-Sep-24,20:45:00",57784,57804,57605,57667,45013853
"Mon-16-Sep-24,21:00:00",57667,57836,57570,57788,52707517
"Mon-16-Sep-24,21:15:00",57788,57886,57712,57803,31032141
"Mon-16-Sep-24,21:30:00",57803,57864,57750,57787,14103948
"Mon-16-Sep-24,21:45:00",57787,57991,57787,57979,29875687
"Mon-16-Sep-24,22:00:00",57979,58026,57822,57831,30323165
"Mon-16-Sep-24,22:15:00",57831,57980,57831,57909,17349222
"Mon-16-Sep-24,22:30:00",57909,57956,57854,57875,11929288
"Mon-16-Sep-24,22:45:00",57875,57980,57819,57949,23149926
"Mon-16-Sep-24,23:00:00",57949,58115,57948,58062,44736515
"Mon-16-Sep-24,23:15:00",58062,58245,58062,58216,43314098
"Mon-16-Sep-24,23:30:00",58216,58264,58185,58250,28467590
"Mon-16-Sep-24,23:45:00",58250,58399,58155,58185,96462065
"Tue-17-Sep-24,00:00:00",58185,58315,58146,58292,50097178
"Mon-16-Sep-24,13:45:00",58061,58476,57923,58470,278344025
"Mon-16-Sep-24,14:00:00",58470,58537,58176,58363,127873997
"Mon-16-Sep-24,14:15:00",58363,58436,57852,57968,214075879
"Mon-16-Sep-24,14:30:00",57968,57979,57555,57738,421079782
"Mon-16-Sep-24,14:45:00",57738,57774,57550,57580,131642798
"Mon-16-Sep-24,15:00:00",57580,57900,57530,57809,170666891
"Mon-16-Sep-24,15:15:00",57809,57949,57771,57903,94575430
"Mon-16-Sep-24,15:30:00",57903,57985,57787,57800,63751306
"Mon-16-Sep-24,15:45:00",57800,57974,57738,57867,70631533
"Mon-16-Sep-24,16:00:00",57867,57925,57759,57814,59487329
"Mon-16-Sep-24,16:15:00",57814,57941,57694,57893,63942205
"Mon-16-Sep-24,16:30:00",57893,57908,57732,57732,36820109
"Mon-16-Sep-24,16:45:00",57732,57884,57650,57785,52536067
"Mon-16-Sep-24,17:00:00",57785,57796,57450,57567,126607153
"Mon-16-Sep-24,17:15:00",57567,57719,57490,57673,76276169
"Mon-16-Sep-24,17:30:00",57673,57927,57486,57830,121805219
"Mon-16-Sep-24,17:45:00",57830,58250,57830,58153,190260377
"Mon-16-Sep-24,18:00:00",58153,58177,57684,57698,199116327
"Mon-16-Sep-24,18:15:00",57698,57822,57694,57749,61621413
"Mon-16-Sep-24,18:30:00",57749,57890,57673,57675,65776185
"Mon-16-Sep-24,18:45:00",57675,57874,57665,57870,29587080
"Mon-16-Sep-24,19:00:00",57870,57962,57792,57828,52603872
"Mon-16-Sep-24,19:15:00",57828,57990,57767,57927,33655797
"Mon-16-Sep-24,19:30:00",57927,57982,57844,57951,20969550
"Mon-16-Sep-24,19:45:00",57951,58014,57832,57922,46129025
"Mon-16-Sep-24,20:00:00",57922,58165,57819,58138,64814502
"Mon-16-Sep-24,20:15:00",58138,58138,57775,57781,64766089
"Mon-16-Sep-24,20:30:00",57781,57834,57680,57784,55527538
"Mon-16-Sep-24,20:45:00",57784,57804,57605,57667,45013853
"Mon-16-Sep-24,21:00:00",57667,57836,57570,57788,52707517
"Mon-16-Sep-24,21:15:00",57788,57886,57712,57803,31032141
"Mon-16-Sep-24,21:30:00",57803,57864,57750,57787,14103948
"Mon-16-Sep-24,21:45:00",57787,57991,57787,57979,29875687
"Mon-16-Sep-24,22:00:00",57979,58026,57822,57831,30323165
"Mon-16-Sep-24,22:15:00",57831,57980,57831,57909,17349222
"Mon-16-Sep-24,22:30:00",57909,57956,57854,57875,11929288
"Mon-16-Sep-24,22:45:00",57875,57980,57819,57949,23149926
"Mon-16-Sep-24,23:00:00",57949,58115,57948,58062,44736515
"Mon-16-Sep-24,23:15:00",58062,58245,58062,58216,43314098
"Mon-16-Sep-24,23:30:00",58216,58264,58185,58250,28467590
"Mon-16-Sep-24,23:45:00",58250,58399,58155,58185,96462065
"Tue-17-Sep-24,00:00:00",58185,58315,58146,58292,50097178
"Tue-17-Sep-24,00:15:00",58292,58315,58096,58169,44593503
"Tue-17-Sep-24,00:30:00",58169,58203,58038,58050,38100814
"Tue-17-Sep-24,00:45:00",58050,58064,57568,57593,210373657
"Tue-17-Sep-24,01:00:00",57593,57815,57590,57678,74986001
"Tue-17-Sep-24,01:15:00",57678,57805,57661,57796,26762474
"Tue-17-Sep-24,01:30:00",57796,57927,57754,57920,48953088
"Tue-17-Sep-24,01:45:00",57920,57941,57813,57874,24616046
"Tue-17-Sep-24,02:00:00",57874,57937,57817,57823,22686659
"Tue-17-Sep-24,02:15:00",57823,57955,57814,57884,23476077
"Tue-17-Sep-24,02:30:00",57884,58134,57855,58085,69171179
"Tue-17-Sep-24,02:45:00",58085,58186,58037,58090,51811815
"Tue-17-Sep-24,03:00:00",58090,58125,57964,58061,39385049
"Tue-17-Sep-24,03:15:00",58061,58094,57956,58052,26475825
"Tue-17-Sep-24,03:30:00",58052,58118,58032,58112,13642160
"Tue-17-Sep-24,03:45:00",58112,58113,58023,58038,11506250
"Tue-17-Sep-24,04:00:00",58038,58148,57985,58124,35519170
"Tue-17-Sep-24,04:15:00",58124,58220,58112,58206,29875654
"Tue-17-Sep-24,04:30:00",58206,58250,58181,58250,23748004
"Tue-17-Sep-24,04:45:00",58250,58309,58206,58222,38794528
"Tue-17-Sep-24,05:00:00",58222,58307,58205,58288,24569618
"Tue-17-Sep-24,05:15:00",58288,58346,58277,58340,22557404
"Tue-17-Sep-24,05:30:00",58340,58460,58340,58400,49297240
"Tue-17-Sep-24,05:45:00",58400,58772,58391,58618,167374182
"Tue-17-Sep-24,06:00:00",58618,58645,58467,58475,78020701
"Tue-17-Sep-24,06:15:00",58475,58537,58422,58423,24793452
"Tue-17-Sep-24,06:30:00",58423,58550,58423,58529,28042934
"Tue-17-Sep-24,06:45:00",58529,58529,58461,58462,11354693
"Tue-17-Sep-24,07:00:00",58462,58574,58421,58546,33966338
"Tue-17-Sep-24,07:15:00",58546,58634,58491,58530,28160642
"Tue-17-Sep-24,07:30:00",58530,58659,58524,58649,35059351
"Tue-17-Sep-24,07:45:00",58649,58685,58626,58666,25336351
"Tue-17-Sep-24,08:00:00",58666,58826,58660,58734,73508430
"Tue-17-Sep-24,08:15:00",58734,58770,58605,58639,33537209
"Tue-17-Sep-24,08:30:00",58639,58834,58639,58788,28087932
"Tue-17-Sep-24,08:45:00",58788,58788,58682,58767,20458245
"Tue-17-Sep-24,09:00:00",58767,58934,58695,58729,84918353
"Tue-17-Sep-24,09:15:00",58729,58788,58668,58705,44457877
"Tue-17-Sep-24,09:30:00",58705,58864,58692,58790,40741185
"Tue-17-Sep-24,09:45:00",58790,59070,58790,58944,117756216
"Tue-17-Sep-24,10:00:00",58944,59017,58875,58995,52636941
"Tue-17-Sep-24,10:15:00",58995,59117,58990,59072,76634428
"Tue-17-Sep-24,10:30:00",59072,59220,59029,59140,121097532
"Tue-17-Sep-24,10:45:00",59140,59250,59140,59210,72919550
"Tue-17-Sep-24,11:00:00",59210,59280,59086,59092,92841398
"Tue-17-Sep-24,11:15:00",59092,59145,58992,59116,92301680
"Tue-17-Sep-24,11:30:00",59116,59168,59014,59055,30681265
"Tue-17-Sep-24,11:45:00",59055,59149,59009,59059,37736141
"Tue-17-Sep-24,12:00:00",59059,59214,59054,59054,62071014
"Tue-17-Sep-24,12:15:00",59054,59188,59021,59160,45412420
"Tue-17-Sep-24,12:30:00",59160,59296,59095,59280,90218880
"Tue-17-Sep-24,12:45:00",59280,59420,59225,59355,133379925
"Tue-17-Sep-24,13:00:00",59355,59366,59170,59184,72294561
"Tue-17-Sep-24,13:15:00",59184,59385,59160,59237,51667579
"Tue-17-Sep-24,13:30:00",59237,59354,58907,58957,211239422
"Tue-17-Sep-24,13:45:00",58957,59062,58838,58930,161601164
"Tue-17-Sep-24,14:00:00",58930,59777,58911,59717,388171123
"Tue-17-Sep-24,14:15:00",59717,60366,59710,60180,591317271
"Tue-17-Sep-24,14:30:00",60180,60233,59684,60073,436124567
"Tue-17-Sep-24,14:45:00",60073,60342,60059,60242,213138835
"Tue-17-Sep-24,15:00:00",60242,61061,60184,61029,812121615
"Tue-17-Sep-24,15:15:00",61029,61330,61008,61114,625425107
"Tue-17-Sep-24,15:30:00",61114,61222,60878,60894,203937638
"Tue-17-Sep-24,15:45:00",60894,61142,60764,61107,192120357
"Tue-17-Sep-24,16:00:00",61107,61238,61056,61074,139446207
"Tue-17-Sep-24,16:15:00",61074,61074,60703,60896,179008072
"Tue-17-Sep-24,16:30:00",60896,61040,60712,60984,138112040
"Tue-17-Sep-24,16:45:00",60984,61103,60788,60848,101172592
"Tue-17-Sep-24,17:00:00",60848,60957,60656,60810,110317462
"Tue-17-Sep-24,17:15:00",60810,60977,60694,60891,86410929
"Tue-17-Sep-24,17:30:00",60891,60950,60764,60802,48895562
"Tue-17-Sep-24,17:45:00",60802,60964,60688,60934,69131742
"Tue-17-Sep-24,18:00:00",60934,61059,60879,60891,75741005
"Tue-17-Sep-24,18:15:00",60891,61047,60811,60970,56872115
"Tue-17-Sep-24,18:30:00",60970,61022,60824,60835,32192295
"Tue-17-Sep-24,18:45:00",60835,60887,60366,60504,296084276
"Tue-17-Sep-24,19:00:00",60504,60685,60450,60620,81559276
"Tue-17-Sep-24,19:15:00",60620,60621,60280,60389,121967671
"Tue-17-Sep-24,19:30:00",60389,60422,60086,60096,163533705
"Tue-17-Sep-24,19:45:00",60096,60133,59531,59946,483592662
"Tue-17-Sep-24,20:00:00",59946,59985,59688,59944,165630800
"Tue-17-Sep-24,20:15:00",59944,60200,59944,60159,121746049
"Tue-17-Sep-24,20:30:00",60159,60327,59942,59971,144321629
"Tue-17-Sep-24,20:45:00",59971,60170,59971,60090,49116130
"Tue-17-Sep-24,21:00:00",60090,60280,60076,60240,35633220
"Tue-17-Sep-24,21:15:00",60240,60344,60200,60294,31686186
"Tue-17-Sep-24,21:30:00",60294,60431,60243,60350,37321930
"Tue-17-Sep-24,21:45:00",60350,60360,60194,60305,27881745
"Tue-17-Sep-24,22:00:00",60305,60305,60089,60205,58315035
"Tue-17-Sep-24,22:15:00",60205,60263,60085,60150,26249435
"Tue-17-Sep-24,22:30:00",60150,60244,60138,60242,17804308
"Tue-17-Sep-24,22:45:00",60242,60326,60204,60204,13976182
"Tue-17-Sep-24,23:00:00",60204,60204,59969,60055,50451101
"Tue-17-Sep-24,23:15:00",60055,60188,60055,60130,21499615
"Tue-17-Sep-24,23:30:00",60130,60222,60104,60166,12687394
"Tue-17-Sep-24,23:45:00",60166,60290,60166,60275,24607785
"Wed-18-Sep-24,00:00:00",60275,60299,60076,60107,52740793
"Wed-18-Sep-24,00:15:00",60107,60161,59956,60045,41714320
"Wed-18-Sep-24,00:30:00",60045,60079,59835,60079,95231336
"Wed-18-Sep-24,00:45:00",60079,60250,60079,60204,58156347
"Wed-18-Sep-24,01:00:00",60204,60299,60001,60042,36965418
"Wed-18-Sep-24,01:15:00",60042,60215,59954,60200,31461850
"Wed-18-Sep-24,01:30:00",60200,60250,60059,60224,24260576
"Wed-18-Sep-24,01:45:00",60224,60224,60000,60077,39868435
"Wed-18-Sep-24,02:00:00",60077,60194,60033,60188,30278697
"Wed-18-Sep-24,02:15:00",60188,60212,60102,60144,17635128
"Wed-18-Sep-24,02:30:00",60144,60244,60122,60222,15035922
"Wed-18-Sep-24,02:45:00",60222,60349,60160,60330,46611720
"Wed-18-Sep-24,03:00:00",60330,60695,60325,60466,126692864
